,q8,q3
0,E,H
1,E,H
2,E,H
3,E,H
4,E,H
5,E,H
6,G,H
7,E,H
8,E,H
9,E,H
10,G,H
11,E,H
12,E,H
13,G,H
14,E,H
15,E,H
16,E,H
17,E,H
18,E,H
19,E,H
20,E,H
21,E,H
22,E,H
23,E,H
24,E,H
25,E,H
26,E,H
27,E,H
28,E,H
29,E,H
30,E,H
31,E,H
32,E,H
33,E,H
34,E,H
35,E,H
36,E,H
37,G,H
38,E,H
39,E,H
40,G,H
41,G,H
42,E,H
43,E,H
44,G,H
45,E,H
46,E,H
47,E,H
48,G,H
49,E,H
50,E,H
51,E,H
52,E,H
53,E,H
54,E,H
55,E,H
56,E,H
57,E,H
58,E,H
59,E,H
60,E,H
61,E,H
62,E,H
63,E,H
64,E,H
65,C,H
66,E,H
67,E,H
68,E,H
69,E,H
70,E,H
71,E,H
72,E,H
73,E,H
74,E,H
75,E,H
76,E,H
77,E,H
78,E,H
79,E,H
80,E,H
81,E,H
82,E,H
83,E,H
84,E,H
85,E,H
86,C,H
87,E,H
88,E,H
89,E,H
90,E,H
91,E,H
92,E,H
93,E,H
94,E,H
95,E,H
96,E,H
97,C,H
98,E,H
99,E,H
100,E,H
101,E,H
102,E,H
103,E,H
104,E,H
105,E,H
106,E,H
107,E,H
108,C,H
109,E,H
110,E,H
111,E,H
112,C,H
113,E,H
114,E,H
115,E,H
116,E,H
117,E,H
118,E,H
119,E,H
120,E,H
121,E,H
122,E,H
123,C,H
124,C,H
125,C,H
126,E,H
127,E,H
128,E,H
129,G,H
130,E,H
131,E,H
132,E,H
133,E,H
134,C,H
135,C,H
136,G,H
137,G,H
138,E,H
139,G,H
140,E,H
141,E,H
142,E,H
143,E,H
144,E,H
145,E,H
146,E,H
147,E,H
148,E,H
149,E,H
150,E,H
151,E,H
152,E,H
153,E,H
154,E,H
155,E,H
156,E,H
157,E,H
158,E,H
159,E,H
160,I,H
161,E,H
162,E,H
163,I,H
164,E,H
165,E,H
166,E,H
167,E,H
168,E,H
169,E,H
170,E,H
171,E,H
172,I,H
173,E,E
174,E,H
175,E,H
176,E,H
177,E,H
178,E,H
179,E,H
180,E,H
181,E,H
182,E,H
183,E,H
184,E,H
185,E,H
186,E,H
187,E,H
188,E,H
189,E,H
190,E,H
191,E,H
192,E,H
193,E,H
194,E,H
195,E,H
196,E,H
197,E,H
198,E,H
199,E,H
200,E,H
201,E,H
202,E,H
203,E,H
204,E,H
205,E,H
206,E,H
207,E,H
208,E,H
209,E,H
210,E,H
211,E,H
212,I,H
213,E,H
214,E,H
215,E,H
216,E,H
217,E,H
218,E,H
219,E,H
220,E,H
221,G,H
222,E,H
223,E,H
224,E,H
225,I,H
226,E,H
227,I,H
228,E,H
229,E,H
230,E,H
231,E,H
232,I,H
233,E,H
234,E,H
235,E,H
236,E,H
237,E,H
238,E,H
239,E,H
240,E,H
241,E,H
242,E,H
243,E,H
244,I,H
245,C,H
246,E,H
247,E,H
248,E,H
249,E,H
250,E,H
251,E,H
252,E,H
253,E,H
254,E,H
255,I,H
256,C,H
257,E,H
258,I,E
259,E,H
260,E,H
261,E,H
262,E,H
263,I,H
264,E,H
265,E,H
266,I,H
267,I,H
268,I,H
269,E,H
270,I,H
271,E,H
272,I,H
273,E,H
274,E,H
275,E,H
276,I,H
277,E,H
278,E,C
279,E,H
280,E,H
281,E,H
282,E,H
283,E,H
284,E,H
285,E,H
286,E,H
287,C,H
288,E,H
289,E,H
290,E,H
291,E,H
292,C,H
293,I,H
294,E,H
295,E,H
296,E,H
297,E,H
298,E,H
299,E,H
300,C,H
301,I,H
302,E,H
303,C,H
304,I,H
305,I,H
306,C,H
307,E,H
308,I,H
309,I,H
310,E,H
311,I,H
312,I,H
313,I,H
314,I,H
315,C,H
316,E,H
317,E,H
318,I,H
319,G,H
320,E,H
321,I,H
322,E,H
323,B,H
324,G,H
325,E,H
326,E,H
327,E,H
328,I,H
329,E,H
330,I,H
331,E,H
332,E,H
333,E,H
334,I,H
335,B,H
336,I,H
337,E,H
338,B,H
339,I,H
340,I,H
341,E,H
342,E,H
343,G,H
344,G,H
345,I,H
346,I,H
347,G,H
348,E,H
349,I,H
350,I,H
351,E,H
352,I,H
353,E,H
354,E,H
355,I,H
356,E,H
357,E,H
358,I,H
359,I,H
360,E,H
361,E,H
362,E,H
363,E,H
364,I,H
365,I,H
366,I,H
367,I,H
368,E,H
369,E,H
370,I,H
371,G,H
372,E,H
373,C,H
374,G,H
375,E,H
376,E,H
377,E,H
378,E,H
379,E,H
380,E,H
381,E,H
382,E,H
383,E,H
384,E,H
385,E,C
386,E,H
387,E,H
388,E,H
389,E,H
390,I,H
391,E,H
392,I,H
393,G,H
394,E,H
395,E,H
396,E,H
397,E,H
398,E,H
399,E,H
400,C,H
401,C,H
402,E,H
403,E,H
404,E,H
405,E,H
406,E,H
407,E,H
408,E,H
409,E,H
410,E,H
411,E,H
412,E,H
413,E,H
414,E,H
415,E,H
416,E,H
417,E,H
418,E,H
419,E,H
420,E,H
421,E,H
422,E,H
423,E,H
424,E,H
425,E,H
426,E,H
427,E,H
428,E,H
429,E,H
430,E,H
431,E,H
432,E,H
433,E,H
434,E,H
435,E,H
436,E,H
437,E,H
438,E,H
439,E,H
440,E,H
441,I,H
442,E,H
443,E,H
444,E,H
445,E,H
446,E,H
447,E,H
448,E,H
449,E,H
450,E,H
451,E,H
452,E,H
453,G,H
454,E,H
455,E,H
456,E,H
457,E,H
458,E,H
459,E,H
460,E,H
461,E,H
462,E,H
463,E,H
464,E,H
465,E,H
466,E,H
467,I,H
468,E,H
469,E,H
470,I,H
471,E,H
472,E,H
473,E,H
474,I,H
475,E,H
476,E,H
477,E,H
478,E,H
479,E,H
480,E,H
481,E,H
482,E,H
483,E,H
484,E,H
485,E,H
486,E,H
487,E,H
488,E,H
489,E,H
490,E,H
491,E,H
492,E,H
493,C,H
494,E,H
495,E,H
496,E,H
497,E,H
498,I,H
499,E,H
500,E,H
501,E,H
502,I,H
503,E,H
504,I,H
505,I,H
506,G,H
507,I,H
508,G,H
509,G,H
510,I,H
511,I,H
512,G,H
513,I,H
514,E,H
515,E,H
516,G,H
517,G,H
518,I,H
519,G,H
520,I,H
521,E,H
522,I,H
523,I,H
524,I,H
525,I,H
526,G,H
527,I,H
528,I,H
529,G,H
530,G,H
531,E,H
532,I,H
533,I,H
534,G,H
535,I,H
536,G,H
537,G,H
538,G,H
539,G,H
540,G,H
541,B,H
542,C,H
543,G,H
544,G,H
545,I,H
546,I,H
547,G,H
548,G,H
549,I,H
550,I,H
551,G,H
552,I,H
553,I,H
554,I,H
555,E,H
556,E,H
557,E,H
558,G,H
559,E,H
560,E,H
561,C,H
562,I,H
563,E,H
564,G,H
565,C,H
566,I,H
567,I,H
568,E,H
569,C,H
570,I,H
571,E,H
572,E,H
573,E,H
574,E,H
575,E,H
576,I,H
577,I,H
578,E,H
579,G,H
580,I,H
581,E,H
582,E,H
583,E,H
584,E,H
585,E,H
586,E,H
587,E,H
588,G,H
589,E,H
590,E,H
591,I,H
592,E,H
593,I,H
594,E,H
595,E,H
596,E,H
597,E,H
598,E,H
599,E,H
600,E,H
601,E,H
602,E,H
603,E,H
604,B,C
605,E,H
606,E,H
607,B,C
608,E,C
609,E,H
610,I,H
611,E,H
612,E,H
613,E,H
614,B,H
615,C,H
616,E,H
617,C,H
618,I,H
619,E,H
620,C,H
621,E,H
622,E,H
623,E,H
624,E,H
625,G,H
626,G,H
627,E,H
628,E,H
629,E,H
630,E,H
631,E,H
632,E,H
633,E,H
634,E,H
635,E,H
636,G,H
637,E,H
638,E,H
639,G,H
640,G,H
641,E,H
642,E,H
643,I,H
644,G,H
645,G,H
646,G,H
647,I,H
648,I,H
649,I,H
650,G,H
651,I,H
652,I,H
653,I,H
654,E,H
655,G,H
656,E,H
657,E,H
658,E,H
659,E,H
660,E,H
661,E,H
662,E,H
663,E,H
664,E,H
665,E,H
666,I,H
667,G,H
668,G,H
669,E,H
670,G,H
671,G,H
672,B,H
673,G,H
674,G,H
675,I,H
676,I,H
677,I,H
678,I,H
679,E,H
680,I,H
681,C,H
682,E,H
683,E,H
684,E,H
685,C,H
686,E,H
687,C,H
688,E,H
689,E,H
690,E,H
691,G,H
692,G,H
693,G,H
694,G,H
695,G,H
696,G,H
697,E,H
698,C,H
699,B,H
700,C,H
701,G,H
702,E,H
703,G,H
704,E,H
705,E,H
706,E,H
707,E,H
708,E,H
709,E,H
710,E,H
711,E,H
712,E,H
713,E,H
714,E,H
715,E,H
716,E,H
717,E,H
718,E,H
719,E,H
720,E,H
721,E,H
722,E,H
723,C,H
724,I,H
725,E,H
726,G,H
727,G,H
728,C,H
729,G,H
730,G,H
731,C,H
732,E,H
733,G,H
734,C,H
735,I,H
736,E,H
737,G,H
738,E,H
739,E,H
740,E,H
741,E,H
742,I,H
743,E,H
744,E,H
745,E,H
746,E,H
747,E,H
748,E,H
749,E,H
750,E,H
751,E,H
752,E,H
753,E,H
754,E,H
755,E,H
756,E,H
757,E,H
758,E,H
759,E,H
760,E,H
761,E,H
762,E,H
763,E,H
764,E,H
765,E,H
766,E,H
767,E,H
768,E,H
769,E,H
770,E,H
771,E,H
772,E,H
773,E,H
774,E,H
775,E,H
776,E,H
777,E,H
778,E,H
779,E,H
780,E,H
781,E,H
782,E,H
783,E,H
784,E,H
785,E,H
786,E,H
787,E,H
788,E,H
789,E,H
790,I,H
791,E,H
792,I,H
793,E,H
794,I,H
795,E,H
796,E,H
797,I,H
798,I,H
799,E,H
800,I,H
801,I,H
802,I,H
803,I,H
804,I,H
805,E,H
806,I,H
807,I,H
808,B,H
809,I,H
810,E,H
811,E,H
812,E,H
813,E,H
814,I,H
815,E,H
816,E,H
817,I,H
818,E,H
819,E,H
820,E,H
821,E,H
822,E,H
823,E,H
824,E,H
825,E,H
826,E,H
827,I,H
828,E,H
829,E,H
830,E,H
831,E,H
832,E,H
833,E,H
834,E,H
835,E,H
836,E,H
837,E,H
838,E,H
839,E,H
840,G,H
841,E,H
842,I,H
843,E,H
844,E,H
845,E,H
846,E,H
847,C,H
848,C,H
849,C,H
850,C,H
851,E,H
852,E,H
853,E,H
854,I,H
855,I,H
856,I,H
857,C,H
858,C,H
859,I,H
860,I,H
861,I,H
862,I,H
863,G,H
864,I,H
865,I,H
866,C,H
867,B,H
868,C,E
869,G,H
870,C,H
871,G,H
872,I,H
873,G,E
874,I,H
875,I,H
876,E,H
877,E,H
878,E,H
879,E,H
880,E,H
881,E,H
882,I,H
883,E,H
884,I,C
885,E,H
886,E,H
887,I,H
888,I,H
889,I,H
890,E,H
891,E,C
892,E,H
893,I,H
894,I,H
895,I,H
896,I,H
897,I,H
898,I,H
899,E,H
900,I,H
901,E,H
902,E,H
903,I,H
904,E,H
905,E,H
906,E,H
907,I,H
908,I,H
909,E,H
910,I,H
911,E,H
912,E,H
913,I,H
914,I,H
915,E,H
916,E,H
917,I,H
918,I,H
919,I,H
920,E,H
921,E,H
922,E,C
923,I,E
924,E,H
925,E,H
926,G,H
927,G,H
928,I,H
929,E,H
930,E,H
931,E,H
932,C,H
933,E,H
934,E,H
935,E,H
936,E,H
937,E,H
938,E,H
939,E,H
940,E,H
941,E,H
942,E,H
943,G,H
944,E,H
945,E,H
946,G,H
947,E,H
948,E,H
949,I,H
950,E,H
951,E,H
952,E,H
953,E,H
954,E,H
955,E,H
956,I,H
957,I,H
958,E,H
959,E,H
960,E,H
961,E,H
962,E,H
963,E,H
964,E,H
965,E,H
966,E,H
967,E,H
968,E,H
969,E,H
970,E,H
971,E,C
972,E,H
973,E,H
974,E,H
975,E,H
976,E,H
977,E,H
978,E,H
979,E,H
980,E,H
981,E,H
982,E,H
983,E,H
984,E,H
985,E,H
986,E,H
987,E,H
988,E,H
989,E,H
990,E,H
991,E,H
992,E,H
993,E,H
994,E,H
995,E,H
996,E,H
997,E,H
998,E,H
999,E,H
1000,E,H
1001,E,H
1002,E,H
1003,E,H
1004,E,H
1005,E,H
1006,E,H
1007,E,H
1008,E,H
1009,E,H
1010,E,H
1011,E,H
1012,G,H
1013,E,H
1014,E,H
1015,E,H
1016,E,H
1017,E,H
1018,E,H
1019,E,H
1020,E,H
1021,E,H
1022,G,H
1023,E,H
1024,I,H
1025,E,H
1026,E,H
1027,E,H
1028,E,H
1029,E,H
1030,E,H
1031,E,H
1032,I,H
1033,G,H
1034,E,H
1035,E,H
1036,E,C
1037,E,H
1038,E,H
1039,E,H
1040,I,C
1041,E,C
1042,E,H
1043,E,H
1044,B,H
1045,E,H
1046,E,H
1047,G,C
1048,E,H
1049,G,H
1050,E,H
1051,E,H
1052,E,H
1053,I,H
1054,G,H
1055,E,H
1056,E,E
1057,E,H
1058,E,H
1059,E,H
1060,E,H
1061,E,H
1062,E,H
1063,E,C
1064,E,H
1065,E,H
1066,E,C
1067,E,H
1068,E,H
1069,E,H
1070,E,H
1071,E,H
1072,E,H
1073,E,H
1074,E,H
1075,E,H
1076,E,H
1077,E,H
1078,E,H
1079,E,H
1080,E,H
1081,E,H
1082,I,H
1083,E,H
1084,E,H
1085,I,H
1086,E,H
1087,E,H
1088,E,H
1089,E,H
1090,E,H
1091,E,H
1092,E,H
1093,E,H
1094,E,H
1095,E,H
1096,E,H
1097,E,H
1098,I,H
1099,E,H
1100,I,H
1101,E,H
1102,E,H
1103,E,H
1104,I,H
1105,E,H
1106,E,H
1107,E,H
1108,E,H
1109,E,H
1110,E,H
1111,E,H
1112,E,H
1113,E,H
1114,E,H
1115,E,H
1116,E,H
1117,E,H
1118,E,H
1119,E,H
1120,I,H
1121,E,H
1122,E,H
1123,E,H
1124,E,H
1125,E,H
1126,E,H
1127,E,H
1128,E,H
1129,E,H
1130,E,H
1131,E,H
1132,E,H
1133,E,H
1134,E,H
1135,E,H
1136,E,H
1137,E,H
1138,E,H
1139,B,H
1140,E,H
1141,E,H
1142,E,H
1143,E,H
1144,B,H
1145,E,H
1146,B,H
1147,E,H
1148,E,H
1149,E,H
1150,E,H
1151,E,H
1152,I,H
1153,E,H
1154,E,H
1155,E,H
1156,E,H
1157,E,H
1158,E,H
1159,E,H
1160,E,H
1161,E,H
1162,I,H
1163,E,H
1164,E,H
1165,E,H
1166,E,H
1167,E,H
1168,E,H
1169,E,H
1170,E,H
1171,E,H
1172,E,H
1173,E,H
1174,E,H
1175,E,H
1176,E,H
1177,E,H
1178,E,H
1179,E,H
1180,E,H
1181,E,H
1182,E,H
1183,E,H
1184,E,H
1185,E,H
1186,E,H
1187,E,H
1188,E,H
1189,E,H
1190,E,H
1191,E,H
1192,E,H
1193,E,H
1194,E,H
1195,E,H
1196,E,H
1197,E,H
1198,E,H
1199,E,H
1200,E,H
1201,E,H
1202,E,H
1203,E,H
1204,E,H
1205,E,H
1206,E,H
1207,E,H
1208,E,H
1209,E,H
1210,E,H
1211,E,H
1212,E,E
1213,E,H
1214,E,H
1215,E,H
1216,E,H
1217,E,H
1218,E,H
1219,E,H
1220,E,H
1221,I,H
1222,E,H
1223,E,H
1224,E,H
1225,E,H
1226,E,H
1227,E,H
1228,E,H
1229,E,H
1230,E,H
1231,E,H
1232,E,H
1233,E,H
1234,E,H
1235,E,H
1236,E,H
1237,E,H
1238,E,H
1239,E,H
1240,E,H
1241,E,H
1242,E,H
1243,E,H
1244,E,H
1245,E,H
1246,E,H
1247,E,H
1248,E,H
1249,E,H
1250,E,H
1251,E,H
1252,E,H
1253,E,H
1254,E,H
1255,E,H
1256,E,H
1257,E,H
1258,E,H
1259,E,H
1260,E,H
1261,E,H
1262,E,H
1263,E,H
1264,E,H
1265,E,H
1266,E,H
1267,E,H
1268,E,H
1269,E,H
1270,E,H
1271,E,H
1272,E,H
1273,E,H
1274,E,H
1275,E,H
1276,E,H
1277,E,H
1278,E,H
1279,E,H
1280,E,H
1281,E,H
1282,E,H
1283,E,H
1284,E,H
1285,E,H
1286,E,H
1287,E,H
1288,E,H
1289,E,H
1290,E,H
1291,E,H
1292,I,H
1293,E,H
1294,E,H
1295,E,H
1296,E,H
1297,E,H
1298,E,H
1299,E,H
1300,E,H
1301,E,H
1302,E,H
1303,E,H
1304,E,H
1305,E,H
1306,E,H
1307,E,H
1308,E,H
1309,E,H
1310,E,H
1311,E,H
1312,E,H
1313,E,H
1314,E,H
1315,E,H
1316,E,H
1317,E,H
1318,E,H
1319,E,H
1320,E,H
1321,E,H
1322,G,H
1323,E,H
1324,E,H
1325,E,H
1326,E,H
1327,E,H
1328,E,H
1329,I,H
1330,G,H
1331,E,H
1332,E,H
1333,E,H
1334,E,H
1335,E,H
1336,E,C
1337,E,H
1338,G,H
1339,I,H
1340,E,C
1341,E,H
1342,E,H
1343,E,H
1344,E,H
1345,E,H
1346,E,H
1347,E,H
1348,E,H
1349,G,H
1350,E,H
1351,E,H
1352,E,H
1353,E,H
1354,E,H
1355,E,H
1356,E,H
1357,I,H
1358,E,H
1359,E,H
1360,E,H
1361,E,H
1362,E,H
1363,E,H
1364,E,H
1365,E,H
1366,E,H
1367,E,H
1368,E,H
1369,E,H
1370,I,H
1371,E,H
1372,E,H
1373,E,H
1374,E,H
1375,E,H
1376,E,H
1377,E,H
1378,E,H
1379,E,H
1380,E,H
1381,E,H
1382,E,H
1383,E,H
1384,E,H
1385,E,H
1386,E,H
1387,E,H
1388,E,H
1389,E,H
1390,E,H
1391,E,H
1392,E,H
1393,E,H
1394,E,H
1395,E,H
1396,E,H
1397,E,H
1398,E,H
1399,E,H
1400,E,H
1401,E,H
1402,G,H
1403,E,H
1404,E,H
1405,E,H
1406,E,H
1407,E,H
1408,E,H
1409,E,H
1410,E,H
1411,E,H
1412,E,H
1413,E,H
1414,E,H
1415,E,H
1416,E,H
1417,E,H
1418,E,C
1419,E,H
1420,E,H
1421,E,H
1422,E,H
1423,E,H
1424,E,H
1425,E,H
1426,E,H
1427,E,H
1428,E,H
1429,E,H
1430,E,H
1431,E,H
1432,E,H
1433,E,H
1434,E,H
1435,E,H
1436,E,H
1437,E,H
1438,E,H
1439,E,H
1440,I,H
1441,E,H
1442,E,H
1443,E,H
1444,E,C
1445,E,H
1446,E,H
1447,E,H
1448,E,H
1449,E,H
1450,E,H
1451,E,H
1452,E,H
1453,E,H
1454,E,H
1455,E,H
1456,E,H
1457,E,H
1458,E,H
1459,E,H
1460,E,H
1461,E,H
1462,E,H
1463,E,H
1464,E,H
1465,E,H
1466,E,H
1467,E,H
1468,E,H
1469,E,H
1470,E,H
1471,E,H
1472,E,H
1473,E,H
1474,E,H
1475,E,H
1476,E,H
1477,E,H
1478,E,H
1479,E,H
1480,E,H
1481,E,H
1482,E,H
1483,E,H
1484,E,H
1485,E,H
1486,E,H
1487,E,H
1488,E,H
1489,E,H
1490,E,H
1491,E,H
1492,E,H
1493,E,H
1494,E,H
1495,E,H
1496,E,H
1497,E,H
1498,G,H
1499,E,H
1500,E,H
1501,E,H
1502,E,H
1503,E,H
1504,E,H
1505,E,H
1506,E,H
1507,G,H
1508,G,H
1509,E,H
1510,E,H
1511,E,H
1512,G,H
1513,E,H
1514,C,H
1515,E,H
1516,I,H
1517,E,H
1518,E,H
1519,E,H
1520,E,C
1521,G,H
1522,E,H
1523,E,H
1524,E,H
1525,E,H
1526,E,H
1527,E,H
1528,E,H
1529,E,H
1530,E,H
1531,E,H
1532,E,H
1533,E,H
1534,E,C
1535,E,H
1536,E,H
1537,E,H
1538,E,H
1539,E,H
1540,E,H
1541,E,H
1542,E,H
1543,E,H
1544,E,H
1545,E,H
1546,E,H
1547,E,H
1548,E,H
1549,E,H
1550,E,H
1551,E,H
1552,E,H
1553,E,H
1554,G,H
1555,E,H
1556,E,H
1557,E,H
1558,E,H
1559,E,H
1560,E,H
1561,E,H
1562,E,H
1563,E,H
1564,E,H
1565,E,H
1566,E,H
1567,E,H
1568,E,H
1569,E,H
1570,E,H
1571,E,H
1572,E,H
1573,E,H
1574,E,H
1575,E,H
1576,E,H
1577,E,H
1578,E,H
1579,E,H
1580,E,H
1581,E,H
1582,E,H
1583,E,H
1584,E,H
1585,E,H
1586,E,H
1587,E,H
1588,E,H
1589,E,H
1590,E,H
1591,E,H
1592,E,H
1593,E,H
1594,E,H
1595,E,H
1596,E,H
1597,E,H
1598,E,H
1599,E,H
1600,E,H
1601,E,H
1602,E,H
1603,E,H
1604,E,H
1605,E,H
1606,E,H
1607,E,H
1608,E,H
1609,E,H
1610,E,H
1611,E,H
1612,G,H
1613,E,H
1614,E,H
1615,E,H
1616,E,H
1617,E,H
1618,E,H
1619,E,H
1620,E,H
1621,E,H
1622,E,H
1623,E,H
1624,E,H
1625,E,H
1626,I,H
1627,E,H
1628,I,H
1629,E,H
1630,I,H
1631,I,H
1632,E,H
1633,I,H
1634,E,H
1635,I,H
1636,I,H
1637,I,H
1638,E,H
1639,I,H
1640,E,H
1641,E,H
1642,E,H
1643,E,H
1644,G,H
1645,E,H
1646,E,E
1647,E,H
1648,E,H
1649,E,H
1650,I,H
1651,E,H
1652,I,H
1653,E,H
1654,E,H
1655,E,H
1656,I,H
1657,E,H
1658,I,H
1659,E,H
1660,E,H
1661,E,H
1662,E,H
1663,E,H
1664,E,H
1665,E,H
1666,E,H
1667,E,H
1668,E,H
1669,E,H
1670,E,H
1671,E,H
1672,E,H
1673,C,H
1674,E,H
1675,E,H
1676,E,H
1677,E,H
1678,E,H
1679,C,H
1680,C,H
1681,C,H
1682,C,H
1683,G,H
1684,G,H
1685,E,H
1686,E,H
1687,E,H
1688,E,H
1689,G,H
1690,G,H
1691,C,H
1692,G,H
1693,C,H
1694,G,H
1695,E,H
1696,G,H
1697,E,H
1698,E,H
1699,E,H
1700,E,H
1701,E,H
1702,E,H
1703,E,H
1704,C,H
1705,E,H
1706,E,H
1707,E,H
1708,E,H
1709,E,H
1710,E,H
1711,E,H
1712,E,H
1713,E,H
1714,E,H
1715,E,H
1716,E,H
1717,E,H
1718,E,H
1719,I,H
1720,E,H
1721,E,H
1722,E,H
1723,E,H
1724,E,H
1725,E,H
1726,E,H
1727,E,H
1728,G,H
1729,E,H
1730,E,H
1731,E,H
1732,E,H
1733,E,H
1734,E,H
1735,E,H
1736,E,H
1737,E,H
1738,E,H
1739,E,H
1740,E,H
1741,E,H
1742,B,H
1743,E,H
1744,E,H
1745,E,H
1746,I,H
1747,I,H
1748,E,H
1749,E,H
1750,E,H
1751,G,H
1752,E,H
1753,C,H
1754,E,H
1755,E,H
1756,G,H
1757,E,H
1758,E,H
1759,G,H
1760,E,H
1761,C,H
1762,E,H
1763,E,H
1764,E,H
1765,G,H
1766,E,H
1767,C,H
1768,E,H
1769,I,H
1770,I,H
1771,I,H
1772,I,H
1773,I,H
1774,G,H
1775,E,H
1776,E,H
1777,E,H
1778,E,H
1779,E,H
1780,E,H
1781,E,H
1782,E,H
1783,E,H
1784,E,H
1785,E,H
1786,E,H
1787,I,H
1788,E,H
1789,E,H
1790,E,H
1791,E,H
1792,E,H
1793,E,H
1794,E,H
1795,E,H
1796,E,H
1797,E,H
1798,I,H
1799,E,H
1800,E,H
1801,E,H
1802,E,H
1803,E,H
1804,E,H
1805,E,H
1806,E,H
1807,E,H
1808,E,H
1809,E,H
1810,E,H
1811,E,H
1812,E,H
1813,E,H
1814,E,H
1815,E,H
1816,E,H
1817,E,H
1818,E,H
1819,E,H
1820,E,H
1821,E,H
1822,E,H
1823,E,H
1824,E,H
1825,E,H
1826,E,H
1827,E,H
1828,E,H
1829,E,H
1830,E,H
1831,E,H
1832,E,H
1833,B,C
1834,E,H
1835,E,H
1836,E,H
1837,E,H
1838,E,H
1839,E,H
1840,E,H
1841,E,H
1842,E,H
1843,E,H
1844,E,H
1845,E,H
1846,E,H
1847,E,H
1848,E,H
1849,E,H
1850,G,H
1851,E,H
1852,E,H
1853,E,H
1854,E,H
1855,E,H
1856,E,H
1857,E,H
1858,E,H
1859,E,H
1860,E,H
1861,E,H
1862,E,H
1863,E,H
1864,E,H
1865,E,H
1866,I,H
1867,E,H
1868,E,H
1869,E,H
1870,E,H
1871,E,H
1872,E,H
1873,E,C
1874,E,H
1875,G,H
1876,E,H
1877,G,H
1878,E,H
1879,E,H
1880,E,H
1881,E,H
1882,E,H
1883,E,H
1884,E,H
1885,E,H
1886,E,H
1887,E,H
1888,I,H
1889,E,H
1890,E,H
1891,C,H
1892,E,H
1893,E,H
1894,I,H
1895,I,H
1896,B,H
1897,I,H
1898,G,H
1899,I,H
1900,E,H
1901,E,H
1902,G,H
1903,E,H
1904,G,H
1905,E,H
1906,C,H
1907,G,H
1908,I,H
1909,I,H
1910,G,H
1911,I,H
1912,G,H
1913,E,H
1914,I,H
1915,E,H
1916,G,H
1917,E,H
1918,G,H
1919,G,H
1920,I,H
1921,G,H
1922,G,H
1923,E,H
1924,B,H
1925,E,H
1926,E,H
1927,E,H
1928,E,H
1929,E,H
1930,E,H
1931,E,H
1932,E,H
1933,E,H
1934,E,H
1935,E,H
1936,E,H
1937,E,H
1938,E,H
1939,E,H
1940,E,H
1941,E,H
1942,E,H
1943,I,H
1944,E,H
1945,E,H
1946,E,H
1947,I,H
1948,G,H
1949,E,H
1950,I,H
1951,I,H
1952,E,H
1953,C,H
1954,E,C
1955,E,H
1956,E,H
1957,E,H
1958,E,H
1959,C,H
1960,I,H
1961,E,H
1962,E,H
1963,E,H
1964,G,H
1965,I,H
1966,G,H
1967,E,H
1968,B,H
1969,I,H
1970,C,H
1971,E,H
1972,B,H
1973,G,H
1974,I,H
1975,G,H
1976,E,H
1977,E,H
1978,E,H
1979,E,H
1980,E,H
1981,E,H
1982,E,H
1983,E,H
1984,E,H
1985,E,H
1986,E,H
1987,E,H
1988,E,H
1989,E,H
1990,E,H
1991,E,H
1992,E,H
1993,E,H
1994,E,H
1995,E,H
1996,E,H
1997,E,H
1998,E,H
1999,E,H
2000,E,H
2001,E,H
2002,E,H
2003,E,H
2004,E,H
2005,E,H
2006,E,H
2007,E,H
2008,E,H
2009,E,H
2010,C,H
2011,E,H
2012,E,H
2013,E,H
2014,E,H
2015,E,H
2016,E,H
2017,E,H
2018,E,H
2019,E,H
2020,E,H
2021,E,H
2022,E,H
2023,E,H
2024,E,H
2025,E,H
2026,E,H
2027,E,H
2028,E,H
2029,E,H
2030,E,H
2031,E,H
2032,E,H
2033,E,H
2034,E,H
2035,E,H
2036,E,H
2037,E,H
2038,I,H
2039,C,H
2040,E,H
2041,E,H
2042,E,H
2043,E,H
2044,E,H
2045,I,H
2046,E,H
2047,E,H
2048,E,H
2049,E,H
2050,E,H
2051,C,H
2052,E,H
2053,E,H
2054,E,H
2055,E,H
2056,I,H
2057,E,H
2058,E,H
2059,E,H
2060,E,H
2061,E,H
2062,E,H
2063,E,H
2064,E,H
2065,I,H
2066,E,H
2067,E,H
2068,E,H
2069,E,H
2070,E,H
2071,E,H
2072,E,H
2073,E,H
2074,E,H
2075,E,H
2076,E,H
2077,E,H
2078,E,H
2079,E,H
2080,E,H
2081,E,H
2082,I,H
2083,I,H
2084,E,H
2085,E,H
2086,I,H
2087,I,H
2088,I,H
2089,E,H
2090,I,H
2091,E,H
2092,E,H
2093,E,H
2094,I,H
2095,E,H
2096,E,H
2097,E,H
2098,E,H
2099,E,H
2100,E,H
2101,E,H
2102,E,H
2103,E,H
2104,E,H
2105,E,H
2106,E,H
2107,E,H
2108,E,H
2109,E,H
2110,E,H
2111,I,H
2112,I,H
2113,E,H
2114,I,H
2115,I,H
2116,I,H
2117,C,H
2118,C,H
2119,E,H
2120,E,H
2121,E,H
2122,E,H
2123,E,H
2124,E,H
2125,E,H
2126,E,H
2127,E,H
2128,E,H
2129,E,H
2130,E,H
2131,E,H
2132,E,H
2133,I,H
2134,C,H
2135,I,H
2136,E,H
2137,E,H
2138,E,H
2139,E,H
2140,E,H
2141,E,H
2142,E,H
2143,E,H
2144,E,H
2145,C,H
2146,E,H
2147,E,H
2148,E,H
2149,E,H
2150,E,H
2151,E,H
2152,E,H
2153,E,H
2154,E,H
2155,E,H
2156,E,H
2157,E,H
2158,E,H
2159,E,H
2160,E,H
2161,E,H
2162,E,H
2163,E,H
2164,E,H
2165,E,H
2166,E,H
2167,E,H
2168,E,H
2169,E,H
2170,E,H
2171,E,H
2172,E,H
2173,E,H
2174,G,H
2175,E,H
2176,G,H
2177,E,H
2178,E,H
2179,I,H
2180,I,H
2181,E,H
2182,C,H
2183,I,H
2184,E,H
2185,E,H
2186,I,H
2187,I,H
2188,I,H
2189,I,H
2190,I,H
2191,E,H
2192,E,H
2193,G,H
2194,I,H
2195,I,H
2196,G,H
2197,E,H
2198,E,H
2199,E,H
2200,I,H
2201,E,H
2202,E,H
2203,E,H
2204,E,H
2205,I,H
2206,I,H
2207,I,H
2208,E,E
2209,I,H
2210,I,H
2211,I,E
2212,E,H
2213,I,H
2214,I,H
2215,I,H
2216,E,H
2217,E,H
2218,I,H
2219,I,H
2220,C,H
2221,E,H
2222,E,H
2223,E,H
2224,E,H
2225,E,H
2226,E,H
2227,E,H
2228,E,H
2229,E,H
2230,E,H
2231,E,H
2232,E,H
2233,I,H
2234,E,H
2235,I,H
2236,I,H
2237,I,H
2238,I,H
2239,E,H
2240,E,H
2241,E,H
2242,E,H
2243,E,H
2244,E,H
2245,E,H
2246,E,H
2247,I,E
2248,E,E
2249,E,H
2250,E,H
2251,E,H
2252,E,H
2253,I,H
2254,E,H
2255,I,H
2256,E,E
2257,E,C
2258,E,H
2259,I,H
2260,I,H
2261,E,H
2262,I,H
2263,I,H
2264,E,H
2265,E,H
2266,B,H
2267,E,H
2268,E,H
2269,E,H
2270,E,H
2271,E,H
2272,E,H
2273,I,H
2274,C,E
2275,E,H
2276,E,H
2277,E,H
2278,C,H
2279,C,C
2280,E,H
2281,E,H
2282,I,C
2283,E,E
2284,E,H
2285,E,E
2286,G,H
2287,E,H
2288,I,H
2289,I,H
2290,I,H
2291,E,H
2292,I,H
2293,I,H
2294,I,H
2295,E,H
2296,I,H
2297,G,H
2298,E,H
2299,E,H
2300,E,H
2301,E,E
2302,E,H
2303,E,H
2304,E,H
2305,I,H
2306,E,H
2307,I,H
2308,E,H
2309,E,H
2310,E,H
2311,E,H
2312,E,H
2313,E,H
2314,I,H
2315,G,H
2316,G,H
2317,G,H
2318,E,H
2319,G,H
2320,I,H
2321,E,H
2322,I,H
2323,E,H
2324,G,H
2325,I,H
2326,G,H
2327,I,C
2328,I,H
2329,I,H
2330,I,H
2331,I,H
2332,I,H
2333,B,H
2334,E,H
2335,I,H
2336,E,H
2337,I,H
2338,C,H
2339,I,H
2340,E,H
2341,I,H
2342,G,H
2343,G,H
2344,I,H
2345,E,H
2346,E,H
2347,I,H
2348,I,H
2349,I,H
2350,E,H
2351,B,H
2352,I,H
2353,E,H
2354,E,H
2355,E,H
2356,E,H
2357,I,H
2358,I,E
2359,E,H
2360,I,H
2361,I,H
2362,I,H
2363,I,H
2364,I,H
2365,I,H
2366,I,H
2367,I,H
2368,I,H
2369,I,H
2370,G,H
2371,E,H
2372,I,H
2373,E,H
2374,E,H
2375,E,H
2376,E,H
2377,E,H
2378,E,H
2379,E,H
2380,B,H
2381,E,H
2382,E,H
2383,I,H
2384,I,H
2385,I,H
2386,E,H
2387,I,H
2388,E,H
2389,I,H
2390,E,H
2391,I,H
2392,G,H
2393,I,H
2394,E,H
2395,I,H
2396,I,H
2397,I,H
2398,I,H
2399,E,H
2400,E,H
2401,E,H
2402,I,H
2403,B,H
2404,E,H
2405,I,H
2406,E,H
2407,E,H
2408,E,H
2409,E,H
2410,E,H
2411,E,H
2412,I,H
2413,E,H
2414,E,H
2415,G,H
2416,E,H
2417,E,H
2418,E,H
2419,E,H
2420,E,H
2421,E,H
2422,I,H
2423,E,H
2424,E,H
2425,E,H
2426,E,H
2427,E,H
2428,G,H
2429,I,H
2430,E,H
2431,G,H
2432,I,H
2433,E,H
2434,E,H
2435,E,H
2436,E,H
2437,E,H
2438,C,H
2439,E,H
2440,E,H
2441,G,H
2442,E,H
2443,E,H
2444,C,H
2445,E,H
2446,E,H
2447,E,H
2448,C,H
2449,E,H
2450,C,H
2451,E,H
2452,E,H
2453,E,H
2454,E,H
2455,C,H
2456,C,H
2457,E,H
2458,E,H
2459,E,H
2460,E,H
2461,E,H
2462,E,H
2463,E,H
2464,G,H
2465,E,H
2466,E,H
2467,E,H
2468,E,H
2469,E,H
2470,E,H
2471,E,H
2472,E,H
2473,E,H
2474,E,H
2475,E,H
2476,E,H
2477,E,H
2478,E,H
2479,E,H
2480,E,H
2481,G,H
2482,E,H
2483,G,H
2484,G,H
2485,E,H
2486,I,H
2487,I,H
2488,E,H
2489,C,H
2490,E,H
2491,E,H
2492,E,H
2493,E,H
2494,E,H
2495,G,H
2496,E,H
2497,E,H
2498,G,H
2499,E,H
2500,E,H
2501,E,H
2502,E,H
2503,E,H
2504,E,H
2505,E,H
2506,E,H
2507,G,H
2508,E,H
2509,E,H
2510,E,H
2511,E,H
2512,E,H
2513,G,H
2514,E,H
2515,E,H
2516,E,H
2517,E,H
2518,E,H
2519,E,H
2520,E,H
2521,E,H
2522,B,H
2523,E,H
2524,E,H
2525,E,H
2526,I,H
2527,E,H
2528,E,H
2529,E,H
2530,E,H
2531,E,H
2532,E,H
2533,E,H
2534,I,H
2535,E,H
2536,I,H
2537,E,H
2538,E,H
2539,E,H
2540,E,H
2541,E,H
2542,E,H
2543,E,H
2544,E,H
2545,E,H
2546,E,H
2547,E,H
2548,E,H
2549,E,H
2550,E,H
2551,E,H
2552,I,H
2553,E,H
2554,E,H
2555,E,H
2556,E,H
2557,E,H
2558,E,H
2559,E,H
2560,I,H
2561,G,H
2562,C,H
2563,I,H
2564,I,H
2565,G,H
2566,E,H
2567,E,H
2568,E,H
2569,C,H
2570,E,H
2571,E,H
2572,E,H
2573,E,H
2574,I,H
2575,I,H
2576,I,H
2577,I,H
2578,E,H
2579,E,H
2580,E,H
2581,E,H
2582,E,H
2583,E,H
2584,E,H
2585,E,H
2586,E,H
2587,E,H
2588,G,H
2589,E,H
2590,G,H
2591,E,H
2592,E,H
2593,E,H
2594,B,H
2595,E,H
2596,E,H
2597,E,H
2598,I,H
2599,E,H
2600,G,H
2601,E,H
2602,E,H
2603,E,H
2604,E,H
2605,E,H
2606,E,H
2607,G,H
2608,C,H
2609,B,H
2610,G,H
2611,G,H
2612,G,H
2613,G,H
2614,E,H
2615,E,H
2616,E,H
2617,E,H
2618,E,H
2619,E,H
2620,I,H
2621,I,H
2622,G,H
2623,I,H
2624,G,H
2625,I,H
2626,E,H
2627,E,H
2628,E,H
2629,E,H
2630,E,H
2631,E,H
2632,E,H
2633,E,H
2634,G,H
2635,E,H
2636,E,H
2637,E,H
2638,E,H
2639,E,H
2640,E,H
2641,E,H
2642,E,H
2643,E,H
2644,E,H
2645,E,H
2646,G,H
2647,I,H
2648,G,H
2649,E,H
2650,E,H
2651,G,H
2652,E,H
2653,E,H
2654,E,H
2655,E,H
2656,I,H
2657,G,H
2658,G,H
2659,G,H
2660,E,H
2661,E,H
2662,E,H
2663,E,H
2664,I,H
2665,G,H
2666,E,H
2667,G,H
2668,E,H
2669,E,H
2670,E,H
2671,G,H
2672,I,H
2673,E,H
2674,E,H
2675,G,H
2676,I,H
2677,E,H
2678,E,H
2679,E,H
2680,E,H
2681,E,H
2682,I,H
2683,E,H
2684,E,H
2685,E,H
2686,E,H
2687,E,H
2688,E,H
2689,E,H
2690,E,H
2691,E,H
2692,E,H
2693,E,H
2694,E,H
2695,E,H
2696,E,H
2697,E,H
2698,E,H
2699,E,H
2700,I,H
2701,I,H
2702,I,H
2703,E,H
2704,I,H
2705,E,H
2706,E,H
2707,G,H
2708,E,H
2709,E,H
2710,E,H
2711,E,H
2712,E,H
2713,I,H
2714,E,H
2715,I,H
2716,G,H
2717,I,H
2718,I,H
2719,E,H
2720,E,H
2721,E,H
2722,E,H
2723,G,H
2724,G,H
2725,I,H
2726,E,H
2727,E,H
2728,E,H
2729,E,H
2730,G,H
2731,G,H
2732,G,H
2733,E,H
2734,E,H
2735,G,H
2736,E,H
2737,E,H
2738,C,H
2739,E,H
2740,E,H
2741,E,H
2742,E,H
2743,E,H
2744,C,H
2745,E,H
2746,E,H
2747,E,H
2748,E,H
2749,E,H
2750,E,H
2751,E,H
2752,E,H
2753,E,H
2754,E,H
2755,E,H
2756,E,H
2757,G,H
2758,G,H
2759,G,H
2760,E,H
2761,E,H
2762,G,H
2763,G,H
2764,E,H
2765,I,H
2766,E,H
2767,E,H
2768,E,H
2769,E,H
2770,E,H
2771,E,H
2772,G,H
2773,I,H
2774,G,H
2775,B,H
2776,B,H
2777,B,H
2778,E,H
2779,G,H
2780,E,H
2781,E,H
2782,E,H
2783,E,H
2784,E,H
2785,E,H
2786,E,H
2787,E,H
2788,E,H
2789,E,H
2790,E,H
2791,E,H
2792,E,H
2793,E,H
2794,E,H
2795,E,H
2796,E,H
2797,E,H
2798,E,H
2799,E,H
2800,E,H
2801,E,H
2802,E,H
2803,E,H
2804,E,H
2805,E,H
2806,E,H
2807,E,H
2808,E,H
2809,E,H
2810,E,H
2811,E,H
2812,E,H
2813,E,H
2814,E,H
2815,E,H
2816,E,H
2817,E,H
2818,E,H
2819,E,H
2820,E,H
2821,E,H
2822,E,H
2823,E,H
2824,E,H
2825,E,H
2826,E,H
2827,E,H
2828,E,H
2829,E,H
2830,E,H
2831,E,H
2832,E,H
2833,E,H
2834,E,H
2835,E,H
2836,E,H
2837,E,H
2838,E,H
2839,E,H
2840,E,H
2841,C,H
2842,E,H
2843,E,H
2844,E,H
2845,E,H
2846,E,H
2847,E,H
2848,E,H
2849,E,H
2850,E,H
2851,E,H
2852,E,H
2853,E,H
2854,E,H
2855,E,H
2856,E,H
2857,E,H
2858,E,H
2859,E,H
2860,E,H
2861,E,H
2862,E,H
2863,E,H
2864,E,H
2865,E,H
2866,E,H
2867,E,H
2868,E,H
2869,E,H
2870,E,H
2871,E,H
2872,E,H
2873,E,H
2874,E,H
2875,E,H
2876,E,H
2877,E,H
2878,E,H
2879,E,H
2880,E,H
2881,G,H
2882,E,H
2883,E,H
2884,E,H
2885,E,H
2886,E,H
2887,G,H
2888,E,H
2889,E,H
2890,E,H
2891,E,H
2892,E,H
2893,E,H
2894,G,H
2895,C,H
2896,G,H
2897,E,H
2898,E,H
2899,E,H
2900,G,H
2901,E,H
2902,E,H
2903,E,H
2904,E,H
2905,E,H
2906,G,H
2907,G,H
2908,G,H
2909,E,H
2910,G,H
2911,E,H
2912,G,H
2913,G,H
2914,E,H
2915,E,H
2916,E,H
2917,E,H
2918,E,H
2919,E,H
2920,E,H
2921,E,H
2922,G,H
2923,E,H
2924,G,H
2925,G,H
2926,G,H
2927,G,H
2928,E,H
2929,E,H
2930,E,H
2931,E,H
2932,E,H
2933,E,H
2934,E,H
2935,C,H
2936,E,H
2937,E,H
2938,E,H
2939,G,H
2940,G,H
2941,E,H
2942,E,H
2943,E,H
2944,E,H
2945,E,H
2946,E,H
2947,C,H
2948,E,H
2949,C,H
2950,E,H
2951,E,H
2952,C,H
2953,E,H
2954,E,H
2955,B,H
2956,E,H
2957,E,H
2958,E,H
2959,E,H
2960,E,H
2961,E,H
2962,E,H
2963,E,H
2964,E,H
2965,G,H
2966,E,H
2967,E,H
2968,G,H
2969,C,H
2970,G,H
2971,G,H
2972,G,H
2973,E,H
2974,E,H
2975,C,H
2976,E,H
2977,E,H
2978,G,H
2979,E,H
2980,E,H
2981,E,H
2982,E,H
2983,G,H
2984,E,H
2985,E,H
2986,E,H
2987,E,H
2988,E,H
2989,E,H
2990,E,H
2991,E,H
2992,E,H
2993,G,H
2994,G,H
2995,C,H
2996,E,H
2997,C,H
2998,E,H
2999,E,H
3000,G,H
3001,G,H
3002,E,H
3003,G,H
3004,E,H
3005,G,H
3006,G,H
3007,G,H
3008,E,H
3009,G,H
3010,E,H
3011,I,H
3012,E,H
3013,E,H
3014,E,H
3015,E,H
3016,E,H
3017,E,H
3018,G,H
3019,E,H
3020,E,H
3021,E,H
3022,I,H
3023,E,H
3024,I,H
3025,E,H
3026,E,H
3027,E,H
3028,E,H
3029,I,H
3030,E,H
3031,E,H
3032,E,H
3033,E,H
3034,E,H
3035,G,H
3036,E,H
3037,E,H
3038,E,H
3039,E,H
3040,G,H
3041,E,H
3042,E,H
3043,E,H
3044,E,H
3045,E,H
3046,E,H
3047,E,H
3048,I,H
3049,I,H
3050,G,H
3051,E,H
3052,E,H
3053,E,H
3054,E,H
3055,E,H
3056,E,H
3057,E,H
3058,E,H
3059,E,H
3060,E,H
3061,C,H
3062,E,H
3063,E,H
3064,C,H
3065,E,H
3066,C,H
3067,E,H
3068,E,H
3069,E,H
3070,E,H
3071,G,H
3072,E,H
3073,E,H
3074,E,H
3075,E,H
3076,E,H
3077,E,H
3078,E,H
3079,E,H
3080,E,H
3081,E,H
3082,E,H
3083,E,H
3084,G,H
3085,E,H
3086,E,H
3087,E,H
3088,E,H
3089,E,H
3090,E,H
3091,E,H
3092,E,H
3093,E,H
3094,E,H
3095,E,H
3096,G,H
3097,E,H
3098,E,H
3099,G,H
3100,E,H
3101,E,H
3102,G,H
3103,E,H
3104,E,H
3105,E,H
3106,E,H
3107,E,H
3108,E,H
3109,E,H
3110,E,H
3111,E,H
3112,E,H
3113,E,H
3114,E,H
3115,E,H
3116,E,H
3117,I,H
3118,E,H
3119,E,H
3120,E,H
3121,E,H
3122,E,H
3123,E,H
3124,E,H
3125,E,H
3126,E,H
3127,E,H
3128,E,H
3129,E,H
3130,E,H
3131,E,H
3132,E,H
3133,I,H
3134,E,H
3135,E,H
3136,E,H
3137,E,H
3138,E,H
3139,E,H
3140,E,H
3141,E,H
3142,E,H
3143,E,H
3144,E,H
3145,E,H
3146,E,H
3147,E,H
3148,E,H
3149,E,H
3150,E,H
3151,E,H
3152,E,H
3153,E,H
3154,E,H
3155,E,H
3156,E,H
3157,E,H
3158,E,H
3159,E,H
3160,E,H
3161,E,H
3162,E,H
3163,E,H
3164,E,H
3165,E,H
3166,E,H
3167,E,H
3168,E,H
3169,E,H
3170,E,H
3171,E,H
3172,E,H
3173,E,H
3174,E,H
3175,E,H
3176,E,H
3177,E,H
3178,E,H
3179,E,H
3180,E,H
3181,E,H
3182,E,H
3183,E,H
3184,E,H
3185,E,H
3186,E,H
3187,E,H
3188,E,H
3189,E,H
3190,E,H
3191,E,H
3192,E,H
3193,E,H
3194,E,H
3195,E,H
3196,E,H
3197,E,H
3198,E,H
3199,E,H
3200,E,H
3201,E,H
3202,E,H
3203,E,H
3204,E,H
3205,E,H
3206,E,H
3207,E,H
3208,E,H
3209,E,H
3210,E,H
3211,E,H
3212,E,H
3213,E,H
3214,E,H
3215,E,H
3216,E,H
3217,E,H
3218,E,H
3219,E,H
3220,E,H
3221,E,H
3222,E,H
3223,E,H
3224,C,H
3225,E,H
3226,G,H
3227,C,H
3228,E,H
3229,E,H
3230,E,H
3231,E,H
3232,E,H
3233,E,H
3234,E,H
3235,E,H
3236,E,H
3237,C,H
3238,E,H
3239,E,H
3240,E,H
3241,E,H
3242,E,H
3243,G,H
3244,E,H
3245,G,H
3246,E,H
3247,E,H
3248,E,H
3249,E,H
3250,E,H
3251,E,H
3252,E,H
3253,E,H
3254,E,H
3255,E,H
3256,E,H
3257,E,H
3258,E,H
3259,E,H
3260,E,H
3261,E,H
3262,E,H
3263,E,H
3264,E,H
3265,E,H
3266,E,H
3267,E,H
3268,E,H
3269,E,H
3270,E,H
3271,E,H
3272,E,H
3273,E,H
3274,E,H
3275,E,H
3276,E,H
3277,E,H
3278,E,H
3279,E,H
3280,E,H
3281,E,H
3282,E,H
3283,E,H
3284,E,H
3285,E,H
3286,E,H
3287,E,H
3288,E,H
3289,E,H
3290,E,H
3291,E,H
3292,E,H
3293,E,H
3294,E,H
3295,E,H
3296,E,H
3297,E,H
3298,I,H
3299,E,H
3300,E,H
3301,E,H
3302,E,H
3303,E,H
3304,E,H
3305,E,H
3306,E,H
3307,E,H
3308,E,H
3309,E,H
3310,E,H
3311,E,H
3312,E,H
3313,E,H
3314,E,H
3315,E,H
3316,E,H
3317,E,H
3318,E,H
3319,E,H
3320,E,H
3321,E,H
3322,E,H
3323,E,H
3324,E,H
3325,E,H
3326,E,H
3327,E,H
3328,G,H
3329,E,H
3330,E,H
3331,E,H
3332,E,H
3333,E,H
3334,E,H
3335,G,H
3336,E,H
3337,E,H
3338,E,H
3339,E,H
3340,E,H
3341,E,H
3342,E,H
3343,E,H
3344,E,H
3345,E,H
3346,E,H
3347,G,H
3348,E,H
3349,E,H
3350,E,H
3351,E,H
3352,E,H
3353,E,H
3354,E,H
3355,I,H
3356,E,H
3357,E,H
3358,E,H
3359,E,H
3360,E,H
3361,E,H
3362,C,H
3363,I,H
3364,E,H
3365,E,H
3366,I,H
3367,I,H
3368,I,H
3369,I,H
3370,I,H
3371,E,H
3372,E,H
3373,I,H
3374,E,H
3375,E,H
3376,G,H
3377,G,H
3378,G,H
3379,E,H
3380,I,H
3381,G,H
3382,G,H
3383,I,H
3384,C,H
3385,G,H
3386,E,H
3387,E,H
3388,E,H
3389,E,H
3390,E,H
3391,I,H
3392,C,H
3393,I,H
3394,C,E
3395,I,H
3396,E,H
3397,E,H
3398,E,H
3399,E,H
3400,I,H
3401,I,H
3402,I,H
3403,E,H
3404,G,H
3405,I,H
3406,B,H
3407,E,H
3408,E,H
3409,C,H
3410,C,H
3411,G,H
3412,G,H
3413,E,H
3414,E,H
3415,G,H
3416,B,H
3417,G,H
3418,G,H
3419,I,H
3420,G,H
3421,I,H
3422,G,H
3423,I,H
3424,I,H
3425,C,E
3426,G,H
3427,E,H
3428,I,H
3429,G,H
3430,I,H
3431,I,H
3432,I,H
3433,E,H
3434,E,H
3435,I,H
3436,E,H
3437,E,H
3438,I,H
3439,I,C
3440,I,H
3441,E,H
3442,E,H
3443,I,H
3444,E,H
3445,G,H
3446,C,H
3447,E,H
3448,G,H
3449,E,H
3450,C,H
3451,C,H
3452,G,H
3453,E,H
3454,C,H
3455,C,H
3456,C,H
3457,C,H
3458,E,H
3459,C,H
3460,G,H
3461,E,H
3462,C,H
3463,E,H
3464,E,H
3465,C,H
3466,C,H
3467,E,H
3468,I,H
3469,E,H
3470,E,H
3471,E,H
3472,E,H
3473,E,H
3474,E,H
3475,E,H
3476,E,H
3477,I,H
3478,E,H
3479,G,H
3480,G,H
3481,E,H
3482,E,H
3483,E,H
3484,E,H
3485,E,H
3486,E,H
3487,E,E
3488,C,H
3489,G,H
3490,B,H
3491,B,H
3492,E,H
3493,C,H
3494,G,H
3495,B,H
3496,I,H
3497,E,H
3498,G,H
3499,B,H
3500,G,H
3501,B,H
3502,B,H
3503,B,H
3504,E,H
3505,E,H
3506,C,H
3507,E,E
3508,E,E
3509,E,H
3510,E,H
3511,E,H
3512,E,H
3513,E,H
3514,E,H
3515,E,H
3516,E,H
3517,E,H
3518,E,H
3519,E,H
3520,B,H
3521,E,H
3522,I,H
3523,E,H
3524,I,H
3525,I,H
3526,E,H
3527,E,H
3528,E,H
3529,E,H
3530,E,H
3531,E,H
3532,E,H
3533,B,H
3534,G,H
3535,E,H
3536,G,H
3537,G,H
3538,G,H
3539,G,H
3540,I,H
3541,G,H
3542,G,H
3543,E,H
3544,E,H
3545,E,H
3546,I,H
3547,E,H
3548,G,H
3549,G,H
3550,G,H
3551,G,H
3552,G,H
3553,G,H
3554,I,H
3555,G,H
3556,G,H
3557,G,H
3558,E,H
3559,G,H
3560,E,H
3561,C,H
3562,I,H
3563,E,H
3564,E,H
3565,C,H
3566,E,H
3567,E,H
3568,E,H
3569,E,H
3570,E,H
3571,G,H
3572,E,H
3573,G,H
3574,E,H
3575,G,H
3576,G,H
3577,G,H
3578,E,H
3579,E,H
3580,E,H
3581,E,H
3582,E,H
3583,B,H
3584,E,H
3585,E,H
3586,E,H
3587,G,H
3588,E,H
3589,E,H
3590,E,H
3591,B,H
3592,E,H
3593,E,H
3594,E,H
3595,E,H
3596,C,H
3597,E,H
3598,E,H
3599,E,H
3600,E,H
3601,E,H
3602,E,H
3603,E,H
3604,E,H
3605,E,H
3606,I,H
3607,E,H
3608,E,H
3609,E,H
3610,E,H
3611,I,H
3612,E,H
3613,E,H
3614,E,H
3615,E,H
3616,E,H
3617,E,H
3618,E,H
3619,E,H
3620,E,H
3621,E,H
3622,E,H
3623,E,H
3624,I,H
3625,E,H
3626,I,H
3627,I,H
3628,I,H
3629,I,E
3630,I,H
3631,I,H
3632,E,H
3633,E,H
3634,E,H
3635,E,H
3636,E,H
3637,I,H
3638,E,H
3639,E,H
3640,E,H
3641,I,H
3642,E,H
3643,E,H
3644,E,E
3645,E,C
3646,E,H
3647,E,H
3648,E,H
3649,E,H
3650,E,H
3651,I,H
3652,E,H
3653,E,H
3654,I,H
3655,E,H
3656,I,H
3657,I,H
3658,E,H
3659,I,H
3660,E,H
3661,E,H
3662,I,H
3663,I,H
3664,E,H
3665,E,H
3666,E,H
3667,E,H
3668,I,H
3669,E,H
3670,E,H
3671,I,H
3672,E,H
3673,E,H
3674,E,H
3675,E,H
3676,E,H
3677,E,H
3678,E,H
3679,I,H
3680,E,H
3681,E,H
3682,E,H
3683,E,H
3684,E,H
3685,E,H
3686,E,H
3687,E,H
3688,I,H
3689,E,H
3690,E,H
3691,E,H
3692,E,H
3693,E,H
3694,C,H
3695,E,H
3696,I,H
3697,I,H
3698,E,H
3699,E,H
3700,I,H
3701,I,H
3702,I,H
3703,I,H
3704,B,C
3705,E,H
3706,I,H
3707,I,H
3708,I,H
3709,I,H
3710,G,H
3711,I,H
3712,G,H
3713,I,H
3714,G,H
3715,G,H
3716,I,H
3717,G,H
3718,G,H
3719,G,H
3720,G,H
3721,E,H
3722,G,H
3723,E,H
3724,E,H
3725,E,H
3726,I,H
3727,I,H
3728,E,H
3729,E,H
3730,I,H
3731,E,H
3732,I,H
3733,I,H
3734,I,H
3735,E,H
3736,I,H
3737,I,H
3738,I,H
3739,I,H
3740,I,H
3741,I,H
3742,G,H
3743,G,H
3744,I,H
3745,G,H
3746,I,H
3747,I,H
3748,G,H
3749,E,H
3750,G,H
3751,G,H
3752,E,E
3753,E,H
3754,G,H
3755,G,E
3756,I,H
3757,E,H
3758,E,H
3759,I,H
3760,E,H
3761,E,H
3762,I,H
3763,I,H
3764,E,H
3765,I,H
3766,E,H
3767,E,H
3768,E,H
3769,I,H
3770,E,H
3771,I,H
3772,I,H
3773,I,H
3774,E,H
3775,I,H
3776,E,H
3777,E,H
3778,E,H
3779,E,H
3780,E,H
3781,E,H
3782,E,H
3783,E,H
3784,E,H
3785,E,H
3786,E,H
3787,E,H
3788,E,H
3789,E,H
3790,E,H
3791,E,H
3792,I,H
3793,I,H
3794,E,H
3795,I,H
3796,E,H
3797,E,H
3798,I,H
3799,E,H
3800,E,H
3801,E,H
3802,E,H
3803,E,H
3804,E,H
3805,E,H
3806,E,H
3807,E,H
3808,E,H
3809,E,H
3810,E,H
3811,E,H
3812,E,H
3813,E,H
3814,E,H
3815,E,H
3816,E,H
3817,E,H
3818,E,H
3819,E,H
3820,E,H
3821,E,H
3822,E,H
3823,E,H
3824,E,H
3825,E,H
3826,E,H
3827,E,H
3828,E,H
3829,E,H
3830,E,H
3831,E,H
3832,E,H
3833,I,H
3834,E,H
3835,E,H
3836,E,H
3837,E,H
3838,E,H
3839,E,H
3840,E,H
3841,E,H
3842,E,H
3843,E,H
3844,E,H
3845,E,H
3846,E,H
3847,E,H
3848,E,H
3849,E,H
3850,E,H
3851,E,H
3852,E,H
3853,E,H
3854,E,H
3855,E,H
3856,E,H
3857,E,H
3858,E,H
3859,E,H
3860,E,H
3861,E,H
3862,E,H
3863,E,H
3864,E,H
3865,E,H
3866,E,H
3867,E,H
3868,E,H
3869,E,H
3870,E,H
3871,E,H
3872,E,H
3873,E,H
3874,E,H
3875,E,H
3876,E,H
3877,E,H
3878,E,H
3879,I,H
3880,E,H
3881,E,H
3882,E,H
3883,E,H
3884,E,H
3885,E,H
3886,E,H
3887,E,H
3888,E,H
3889,E,H
3890,E,H
3891,E,H
3892,E,H
3893,E,H
3894,E,H
3895,E,H
3896,E,H
3897,E,H
3898,E,H
3899,E,H
3900,E,H
3901,E,H
3902,E,H
3903,E,H
3904,E,H
3905,E,H
3906,E,H
3907,E,H
3908,E,H
3909,E,H
3910,E,H
3911,E,H
3912,E,H
3913,E,H
3914,E,H
3915,E,H
3916,E,H
3917,E,H
3918,E,H
3919,E,H
3920,E,H
3921,E,H
3922,E,H
3923,E,H
3924,E,H
3925,E,H
3926,E,H
3927,E,E
3928,I,H
3929,E,H
3930,E,H
3931,E,E
3932,I,H
3933,E,H
3934,I,H
3935,E,H
3936,E,H
3937,E,H
3938,E,H
3939,E,H
3940,E,H
3941,E,H
3942,E,H
3943,E,H
3944,E,H
3945,E,H
3946,E,H
3947,E,H
3948,E,H
3949,E,H
3950,E,H
3951,E,H
3952,E,H
3953,E,H
3954,E,H
3955,E,H
3956,E,H
3957,E,H
3958,E,H
3959,E,H
3960,E,H
3961,E,H
3962,C,H
3963,E,H
3964,E,H
3965,E,H
3966,E,H
3967,E,H
3968,E,H
3969,E,H
3970,E,H
3971,E,H
3972,E,H
3973,E,H
3974,E,H
3975,E,H
3976,E,H
3977,E,H
3978,E,H
3979,E,H
3980,I,H
3981,E,H
3982,E,H
3983,E,H
3984,I,H
3985,I,H
3986,E,H
3987,E,H
3988,B,H
3989,I,H
3990,E,H
3991,E,H
3992,I,H
3993,E,H
3994,I,H
3995,E,H
3996,E,H
3997,E,H
3998,E,H
3999,E,H
4000,E,H
4001,E,H
4002,E,H
4003,E,H
4004,E,H
4005,E,H
4006,E,H
4007,E,H
4008,E,H
4009,E,H
4010,I,H
4011,I,H
4012,E,H
4013,E,H
4014,E,H
4015,E,H
4016,E,H
4017,E,H
4018,E,H
4019,E,H
4020,E,H
4021,E,H
4022,E,H
4023,E,H
4024,E,H
4025,G,H
4026,I,H
4027,I,H
4028,I,H
4029,E,H
4030,I,H
4031,E,H
4032,I,H
4033,I,H
4034,I,H
4035,I,H
4036,E,H
4037,E,H
4038,E,H
4039,E,H
4040,E,H
4041,E,H
4042,E,H
4043,E,H
4044,E,H
4045,E,H
4046,E,H
4047,E,H
4048,E,H
4049,E,H
4050,E,H
4051,I,H
4052,E,H
4053,E,H
4054,I,H
4055,E,H
4056,E,H
4057,E,H
4058,I,H
4059,E,H
4060,E,H
4061,E,H
4062,E,H
4063,E,H
4064,E,H
4065,E,H
4066,E,H
4067,I,H
4068,E,H
4069,I,H
4070,I,H
4071,I,H
4072,E,H
4073,E,H
4074,E,H
4075,E,H
4076,E,H
4077,E,H
4078,E,H
4079,E,H
4080,E,H
4081,E,H
4082,E,H
4083,E,H
4084,E,H
4085,E,H
4086,E,H
4087,E,H
4088,E,H
4089,E,H
4090,E,H
4091,E,H
4092,E,H
4093,E,H
4094,E,H
4095,E,H
4096,E,H
4097,E,H
4098,E,H
4099,E,H
4100,E,H
4101,E,H
4102,E,H
4103,E,H
4104,E,H
4105,E,H
4106,E,H
4107,E,H
4108,E,H
4109,E,H
4110,E,H
4111,E,H
4112,I,H
4113,I,H
4114,E,H
4115,E,H
4116,E,H
4117,I,H
4118,I,H
4119,E,H
4120,E,E
4121,E,H
4122,I,H
4123,E,H
4124,E,H
4125,E,H
4126,E,H
4127,E,E
4128,E,H
4129,E,H
4130,E,H
4131,E,H
4132,E,H
4133,E,H
4134,E,H
4135,E,H
4136,I,H
4137,E,H
4138,I,H
4139,I,H
4140,I,H
4141,E,H
4142,I,H
4143,E,H
4144,I,H
4145,E,H
4146,E,H
4147,I,H
4148,E,H
4149,E,H
4150,E,H
4151,E,H
4152,E,H
4153,G,H
4154,E,H
4155,I,H
4156,E,H
4157,E,H
4158,E,H
4159,I,H
4160,E,H
4161,E,H
4162,E,H
4163,E,H
4164,E,H
4165,E,H
4166,E,H
4167,E,H
4168,E,H
4169,E,H
4170,E,H
4171,E,H
4172,E,H
4173,E,H
4174,E,H
4175,E,H
4176,I,H
4177,E,H
4178,E,H
4179,E,H
4180,E,H
4181,E,H
4182,I,H
4183,I,H
4184,E,H
4185,I,H
4186,E,H
4187,E,H
4188,E,H
4189,E,H
4190,E,H
4191,E,H
4192,E,H
4193,E,H
4194,E,H
4195,E,H
4196,E,H
4197,E,H
4198,E,H
4199,E,H
4200,E,H
4201,E,H
4202,C,H
4203,E,H
4204,E,H
4205,E,H
4206,E,H
4207,E,H
4208,E,H
4209,E,H
4210,E,H
4211,E,H
4212,E,H
4213,E,H
4214,E,H
4215,E,H
4216,E,H
4217,E,H
4218,E,H
4219,E,H
4220,E,H
4221,E,H
4222,E,H
4223,E,H
4224,E,H
4225,G,H
4226,G,H
4227,I,H
4228,E,H
4229,E,H
4230,I,H
4231,I,H
4232,E,H
4233,C,H
4234,I,H
4235,E,E
4236,E,H
4237,E,H
4238,E,H
4239,E,H
4240,E,H
4241,E,H
4242,E,H
4243,E,H
4244,E,H
4245,E,H
4246,E,H
4247,E,H
4248,E,H
4249,E,H
4250,E,H
4251,E,H
4252,E,H
4253,E,H
4254,E,H
4255,E,H
4256,E,H
4257,E,H
4258,E,H
4259,E,H
4260,E,H
4261,E,H
4262,E,H
4263,E,H
4264,E,H
4265,E,H
4266,E,H
4267,E,H
4268,E,H
4269,E,H
4270,E,H
4271,E,H
4272,E,H
4273,E,H
4274,E,H
4275,E,H
4276,E,H
4277,E,H
4278,E,H
4279,E,H
4280,E,H
4281,E,E
4282,E,H
4283,E,H
4284,E,H
4285,B,E
4286,E,H
4287,E,H
4288,E,E
4289,E,H
4290,E,H
4291,E,H
4292,E,H
4293,E,H
4294,E,H
4295,E,H
4296,E,H
4297,E,H
4298,E,H
4299,E,H
4300,E,H
4301,E,H
4302,E,H
4303,E,H
4304,E,H
4305,E,H
4306,E,H
4307,E,H
4308,E,H
4309,E,H
4310,E,H
4311,E,H
4312,E,H
4313,E,H
4314,E,H
4315,E,H
4316,E,H
4317,E,H
4318,E,H
4319,E,H
4320,E,H
4321,E,H
4322,E,H
4323,E,H
4324,E,H
4325,E,H
4326,E,H
4327,E,H
4328,E,H
4329,E,H
4330,E,H
4331,E,H
4332,E,H
4333,E,H
4334,E,H
4335,E,H
4336,E,H
4337,E,H
4338,I,H
4339,E,H
4340,E,H
4341,E,H
4342,E,H
4343,E,H
4344,E,H
4345,E,H
4346,E,H
4347,E,H
4348,E,H
4349,I,H
4350,E,H
4351,E,H
4352,E,H
4353,I,H
4354,E,H
4355,E,H
4356,E,H
4357,E,H
4358,E,H
4359,E,H
4360,E,H
4361,E,H
4362,E,H
4363,E,H
4364,E,H
4365,E,H
4366,E,H
4367,E,H
4368,E,H
4369,E,H
4370,C,H
4371,E,H
4372,E,H
4373,G,H
4374,E,H
4375,E,H
4376,C,H
4377,E,H
4378,E,H
4379,C,H
4380,C,H
4381,C,H
4382,C,H
4383,E,H
4384,E,H
4385,E,H
4386,E,H
4387,E,H
4388,E,H
4389,E,H
4390,E,H
4391,E,H
4392,E,H
4393,E,H
4394,E,H
4395,C,H
4396,E,H
4397,E,H
4398,E,H
4399,E,H
4400,E,H
4401,E,H
4402,E,H
4403,E,H
4404,C,H
4405,E,H
4406,E,H
4407,E,H
4408,E,H
4409,E,H
4410,C,H
4411,C,H
4412,C,H
4413,C,H
4414,E,H
4415,E,H
4416,E,H
4417,E,H
4418,E,H
4419,C,H
4420,C,H
4421,C,H
4422,E,H
4423,E,H
4424,E,H
4425,E,H
4426,E,H
4427,C,H
4428,E,H
4429,C,H
4430,E,H
4431,E,H
4432,E,H
4433,E,H
4434,E,H
4435,E,H
4436,C,H
4437,E,H
4438,C,H
4439,E,H
4440,G,H
4441,E,H
4442,E,H
4443,E,H
4444,G,H
4445,E,H
4446,E,H
4447,E,H
4448,E,H
4449,E,H
4450,E,H
4451,E,H
4452,E,H
4453,E,H
4454,E,H
4455,E,H
4456,E,H
4457,E,H
4458,E,H
4459,E,H
4460,E,H
4461,E,H
4462,E,H
4463,E,H
4464,E,H
4465,E,H
4466,E,H
4467,E,H
4468,E,H
4469,E,H
4470,E,H
4471,E,H
4472,E,H
4473,E,H
4474,E,H
4475,C,H
4476,E,H
4477,C,H
4478,E,H
4479,E,H
4480,E,H
4481,I,H
4482,E,H
4483,E,H
4484,E,H
4485,E,H
4486,E,H
4487,E,H
4488,E,H
4489,E,H
4490,E,H
4491,E,H
4492,E,H
4493,E,H
4494,E,H
4495,E,H
4496,E,H
4497,E,H
4498,E,H
4499,E,H
4500,E,H
4501,E,H
4502,E,H
4503,E,H
4504,C,H
4505,G,H
4506,C,H
4507,I,H
4508,I,H
4509,C,H
4510,E,H
4511,E,H
4512,C,H
4513,E,H
4514,E,H
4515,E,H
4516,E,H
4517,E,H
4518,E,H
4519,E,H
4520,E,H
4521,C,H
4522,E,H
4523,C,H
4524,E,H
4525,E,H
4526,E,H
4527,E,H
4528,E,H
4529,C,H
4530,E,H
4531,E,H
4532,E,H
4533,E,H
4534,E,H
4535,E,H
4536,E,H
4537,E,H
4538,E,H
4539,E,H
4540,E,H
4541,E,H
4542,C,H
4543,E,H
4544,C,H
4545,E,H
4546,G,H
4547,C,H
4548,E,H
4549,E,H
4550,E,H
4551,C,H
4552,E,H
4553,E,H
4554,C,H
4555,C,H
4556,C,H
4557,C,H
4558,E,H
4559,E,H
4560,E,H
4561,E,H
4562,G,H
4563,E,H
4564,E,H
4565,E,H
4566,B,H
4567,I,H
4568,I,H
4569,E,H
4570,E,H
4571,I,H
4572,I,H
4573,E,H
4574,E,H
4575,E,H
4576,E,H
4577,E,H
4578,E,H
4579,E,H
4580,E,H
4581,E,H
4582,I,H
4583,E,H
4584,E,H
4585,E,H
4586,E,H
4587,I,H
4588,E,H
4589,E,H
4590,E,H
4591,E,H
4592,E,H
4593,G,H
4594,E,H
4595,E,H
4596,I,H
4597,G,H
4598,E,H
4599,E,H
4600,G,H
4601,I,H
4602,E,H
4603,E,H
4604,E,H
4605,E,H
4606,E,H
4607,E,H
4608,E,H
4609,E,H
4610,I,H
4611,E,H
4612,E,H
4613,E,H
4614,I,H
4615,I,H
4616,E,H
4617,G,H
4618,E,H
4619,E,H
4620,E,H
4621,I,H
4622,I,H
4623,E,H
4624,E,H
4625,E,H
4626,E,H
4627,E,H
4628,E,H
4629,E,H
4630,E,H
4631,G,H
4632,E,H
4633,E,H
4634,E,H
4635,E,H
4636,E,H
4637,E,H
4638,E,H
4639,E,H
4640,E,H
4641,E,H
4642,E,H
4643,E,H
4644,E,H
4645,E,H
4646,E,H
4647,E,H
4648,E,H
4649,E,H
4650,E,H
4651,C,H
4652,C,H
4653,C,H
4654,E,H
4655,E,H
4656,C,H
4657,C,H
4658,C,H
4659,C,H
4660,C,H
4661,C,H
4662,C,H
4663,E,H
4664,E,H
4665,E,H
4666,E,H
4667,E,H
4668,E,H
4669,C,H
4670,G,H
4671,G,H
4672,E,H
4673,E,H
4674,C,H
4675,E,H
4676,E,H
4677,E,H
4678,C,H
4679,E,H
4680,E,H
4681,C,H
4682,C,H
4683,E,H
4684,E,H
4685,E,H
4686,E,H
4687,E,H
4688,E,H
4689,I,H
4690,C,H
4691,E,H
4692,E,H
4693,E,H
4694,E,H
4695,E,H
4696,E,H
4697,I,H
4698,I,H
4699,I,H
4700,E,H
4701,C,H
4702,E,H
4703,E,E
4704,E,H
4705,B,H
4706,E,H
4707,E,H
4708,I,H
4709,G,H
4710,C,H
4711,C,H
4712,E,H
4713,C,H
4714,E,H
4715,E,H
4716,C,H
4717,E,H
4718,E,H
4719,C,H
4720,E,H
4721,G,H
4722,C,H
4723,C,H
4724,C,H
4725,C,H
4726,I,H
4727,E,H
4728,I,H
4729,G,H
4730,I,H
4731,G,H
4732,G,H
4733,I,H
4734,I,H
4735,G,H
4736,G,H
4737,G,H
4738,E,H
4739,E,H
4740,E,H
4741,E,H
4742,E,H
4743,I,H
4744,G,H
4745,I,H
4746,E,C
4747,G,H
4748,E,H
4749,E,H
4750,C,H
4751,C,H
4752,E,H
4753,E,H
4754,C,H
4755,E,H
4756,E,H
4757,E,H
4758,E,H
4759,E,H
4760,I,H
4761,I,H
4762,E,H
4763,E,H
4764,E,H
4765,I,H
4766,I,H
4767,C,H
4768,G,H
4769,G,H
4770,I,H
4771,C,H
4772,E,H
4773,I,H
4774,C,H
4775,E,H
4776,E,H
4777,E,E
4778,I,H
4779,G,H
4780,I,H
4781,C,C
4782,E,H
4783,E,H
4784,E,H
4785,C,H
4786,E,E
4787,E,H
4788,E,H
4789,C,H
4790,E,H
4791,E,H
4792,E,H
4793,E,H
4794,E,H
4795,C,H
4796,E,H
4797,C,H
4798,C,H
4799,C,H
4800,C,H
4801,E,H
4802,E,H
4803,E,H
4804,E,H
4805,E,H
4806,E,H
4807,E,H
4808,E,H
4809,E,H
4810,E,H
4811,E,H
4812,E,H
4813,E,H
4814,E,H
4815,E,H
4816,E,H
4817,E,H
4818,E,H
4819,E,H
4820,E,H
4821,E,H
4822,C,H
4823,C,H
4824,C,H
4825,C,H
4826,E,H
4827,C,H
4828,E,H
4829,E,H
4830,E,H
4831,C,H
4832,C,H
4833,C,H
4834,E,H
4835,C,H
4836,C,H
4837,G,H
4838,E,H
4839,C,H
4840,E,H
4841,C,H
4842,C,H
4843,E,H
4844,C,H
4845,G,H
4846,E,H
4847,E,H
4848,C,H
4849,E,H
4850,E,H
4851,E,H
4852,C,H
4853,E,H
4854,G,H
4855,C,H
4856,C,H
4857,E,H
4858,C,H
4859,E,H
4860,E,H
4861,E,H
4862,C,H
4863,E,H
4864,E,H
4865,E,H
4866,E,H
4867,E,H
4868,E,H
4869,E,H
4870,E,H
4871,E,H
4872,E,H
4873,E,H
4874,E,H
4875,I,H
4876,E,H
4877,E,H
4878,C,H
4879,C,H
4880,C,H
4881,E,H
4882,E,H
4883,C,H
4884,I,H
4885,C,H
4886,E,H
4887,C,H
4888,E,H
4889,G,H
4890,E,H
4891,B,H
4892,E,H
4893,E,H
4894,I,H
4895,E,H
4896,C,H
4897,C,H
4898,C,C
4899,C,H
4900,E,H
4901,E,H
4902,E,H
4903,E,H
4904,E,H
4905,I,H
4906,C,H
4907,E,H
4908,I,H
4909,C,H
4910,C,H
4911,C,H
4912,C,H
4913,I,H
4914,E,H
4915,I,H
4916,C,H
4917,I,H
4918,I,H
4919,I,H
4920,I,C
4921,I,H
4922,C,H
4923,G,H
4924,G,H
4925,E,H
4926,C,H
4927,E,H
4928,I,H
4929,E,C
4930,C,H
4931,G,H
4932,I,H
4933,C,C
4934,C,H
4935,C,H
4936,E,H
4937,C,H
4938,C,C
4939,E,H
4940,C,C
4941,E,H
4942,E,H
4943,I,H
4944,C,H
4945,C,H
4946,C,H
4947,E,H
4948,C,H
4949,C,H
4950,C,H
4951,G,H
4952,E,H
4953,I,H
4954,E,H
4955,E,H
4956,C,H
4957,I,H
4958,C,H
4959,E,H
4960,I,E
4961,E,H
4962,E,H
4963,G,C
4964,G,H
4965,E,H
4966,E,H
4967,E,H
4968,I,H
4969,E,H
4970,E,H
4971,E,H
4972,E,H
4973,E,H
4974,E,H
4975,E,H
4976,E,H
4977,E,H
4978,E,H
4979,E,H
4980,E,H
4981,E,H
4982,E,H
4983,E,H
4984,E,H
4985,E,H
4986,E,H
4987,E,H
4988,E,H
4989,E,H
4990,E,H
4991,E,H
4992,E,H
4993,E,H
4994,E,H
4995,E,H
4996,E,H
4997,E,H
4998,E,H
4999,E,H
5000,E,H
5001,E,H
5002,E,H
5003,E,H
5004,E,H
5005,E,H
5006,E,H
5007,E,H
5008,E,H
5009,E,H
5010,E,H
5011,E,H
5012,E,H
5013,E,H
5014,E,H
5015,E,H
5016,E,H
5017,E,H
5018,E,H
5019,E,H
5020,E,H
5021,E,H
5022,E,H
5023,E,H
5024,E,H
5025,E,H
5026,E,H
5027,E,H
5028,E,H
5029,E,H
5030,E,H
5031,E,H
5032,E,H
5033,E,H
5034,E,H
5035,E,H
5036,E,H
5037,I,H
5038,E,H
5039,G,H
5040,E,H
5041,E,H
5042,E,H
5043,E,H
5044,E,H
5045,E,H
5046,E,H
5047,E,H
5048,G,H
5049,E,H
5050,C,H
5051,E,H
5052,E,H
5053,E,H
5054,E,H
5055,E,H
5056,E,H
5057,C,H
5058,B,H
5059,C,H
5060,C,H
5061,E,H
5062,G,H
5063,E,H
5064,G,H
5065,E,H
5066,G,H
5067,E,H
5068,G,H
5069,G,H
5070,E,H
5071,G,H
5072,G,H
5073,E,H
5074,G,H
5075,E,H
5076,I,H
5077,E,H
5078,G,H
5079,E,H
5080,G,H
5081,E,H
5082,E,H
5083,G,H
5084,E,H
5085,G,H
5086,G,H
5087,G,H
5088,G,H
5089,G,H
5090,E,H
5091,G,H
5092,G,H
5093,G,H
5094,E,H
5095,E,H
5096,G,H
5097,E,H
5098,E,H
5099,G,H
5100,E,H
5101,E,H
5102,E,H
5103,E,H
5104,E,H
5105,E,H
5106,E,H
5107,E,H
5108,E,H
5109,E,H
5110,E,H
5111,E,H
5112,E,H
5113,E,H
5114,E,H
5115,E,H
5116,E,H
5117,E,H
5118,E,H
5119,E,H
5120,E,H
5121,E,H
5122,I,H
5123,E,H
5124,E,H
5125,E,H
5126,E,H
5127,I,H
5128,E,H
5129,I,H
5130,I,H
5131,E,H
5132,E,H
5133,E,H
5134,G,H
5135,E,H
5136,G,H
5137,E,H
5138,E,H
5139,I,H
5140,E,H
5141,E,H
5142,E,H
5143,E,H
5144,E,H
5145,E,H
5146,E,H
5147,E,H
5148,E,H
5149,G,H
5150,E,H
5151,I,H
5152,I,H
5153,I,H
5154,E,H
5155,E,H
5156,E,H
5157,I,H
5158,E,H
5159,I,H
5160,I,H
5161,I,H
5162,I,H
5163,I,H
5164,E,H
5165,I,H
5166,G,H
5167,E,H
5168,I,H
5169,E,H
5170,C,H
5171,E,H
5172,E,H
5173,E,H
5174,E,H
5175,C,H
5176,E,H
5177,E,H
5178,E,H
5179,E,H
5180,E,H
5181,E,H
5182,E,H
5183,E,H
5184,E,H
5185,E,H
5186,E,H
5187,E,H
5188,E,H
5189,E,H
5190,E,H
5191,E,H
5192,E,H
5193,E,H
5194,E,H
5195,E,H
5196,E,H
5197,E,H
5198,G,H
5199,E,H
5200,E,H
5201,I,H
5202,E,H
5203,E,H
5204,E,H
5205,E,H
5206,I,H
5207,C,H
5208,E,H
5209,G,H
5210,G,H
5211,I,H
5212,C,H
5213,E,H
5214,E,H
5215,C,H
5216,E,H
5217,C,H
5218,C,H
5219,C,E
5220,B,H
5221,I,H
5222,E,H
5223,E,H
5224,I,H
5225,E,H
5226,E,H
5227,E,H
5228,E,H
5229,E,H
5230,E,H
5231,E,H
5232,E,H
5233,E,H
5234,E,H
5235,B,H
5236,E,H
5237,E,H
5238,G,H
5239,I,H
5240,E,H
5241,E,H
5242,G,H
5243,E,H
5244,E,H
5245,G,H
5246,I,H
5247,E,H
5248,E,H
5249,E,H
5250,E,H
5251,G,H
5252,G,H
5253,E,H
5254,G,H
5255,G,H
5256,E,H
5257,C,H
5258,E,H
5259,E,H
5260,E,H
5261,E,H
5262,I,H
5263,I,H
5264,G,H
5265,E,H
5266,C,H
5267,I,H
5268,E,H
5269,B,H
5270,B,H
5271,B,H
5272,B,H
5273,E,H
5274,B,H
5275,E,H
5276,E,H
5277,E,H
5278,E,H
5279,I,H
5280,E,H
5281,E,H
5282,I,H
5283,E,H
5284,E,H
5285,E,H
5286,G,H
5287,I,H
5288,E,H
5289,G,H
5290,E,H
5291,I,H
5292,G,H
5293,E,H
5294,E,H
5295,I,H
5296,I,H
5297,I,H
5298,I,H
5299,C,H
5300,I,H
5301,G,H
5302,I,H
5303,G,H
5304,G,H
5305,I,H
5306,G,H
5307,G,H
5308,E,H
5309,E,H
5310,E,H
5311,I,H
5312,G,H
5313,G,E
5314,I,H
5315,I,H
5316,B,H
5317,I,H
5318,I,H
5319,G,H
5320,G,H
5321,I,H
5322,I,H
5323,G,H
5324,E,H
5325,I,H
5326,E,H
5327,I,H
5328,I,H
5329,I,H
5330,E,H
5331,E,H
5332,E,H
5333,E,H
5334,E,H
5335,E,H
5336,G,H
5337,C,H
5338,G,H
5339,E,H
5340,E,H
5341,E,H
5342,I,H
5343,G,H
5344,I,H
5345,I,H
5346,I,H
5347,E,H
5348,I,H
5349,I,H
5350,E,H
5351,G,H
5352,G,H
5353,I,H
5354,G,H
5355,G,H
5356,I,H
5357,B,H
5358,I,H
5359,E,H
5360,G,H
5361,E,H
5362,B,H
5363,E,H
5364,E,H
5365,B,H
5366,B,H
5367,B,H
5368,E,H
5369,E,H
5370,E,H
5371,C,H
5372,E,H
5373,E,H
5374,E,H
5375,E,H
5376,E,H
5377,E,H
5378,E,H
5379,C,H
5380,C,H
5381,C,H
5382,E,H
5383,E,H
5384,E,H
5385,E,H
5386,I,H
5387,I,H
5388,E,H
5389,I,H
5390,I,H
5391,E,H
5392,E,H
5393,E,H
5394,I,H
5395,E,H
5396,I,H
5397,I,H
5398,E,H
5399,E,H
5400,I,H
5401,E,H
5402,E,H
5403,E,H
5404,E,H
5405,I,H
5406,E,H
5407,E,H
5408,G,C
5409,G,H
5410,I,H
5411,E,H
5412,E,H
5413,E,H
5414,I,H
5415,G,H
5416,I,H
5417,E,H
5418,I,H
5419,E,H
5420,I,H
5421,E,H
5422,I,H
5423,I,H
5424,E,H
5425,E,H
5426,E,H
5427,E,H
5428,I,H
5429,G,H
5430,I,H
5431,I,H
5432,G,H
5433,E,H
5434,E,H
5435,E,H
5436,E,H
5437,E,H
5438,I,H
5439,I,H
5440,I,H
5441,I,H
5442,I,H
5443,I,H
5444,I,H
5445,E,H
5446,E,H
5447,E,H
5448,E,H
5449,I,H
5450,I,H
5451,E,H
5452,I,H
5453,E,H
5454,E,C
5455,G,H
5456,G,H
5457,C,H
5458,E,H
5459,E,H
5460,E,H
5461,I,H
5462,G,H
5463,E,H
5464,E,H
5465,E,H
5466,E,H
5467,E,H
5468,E,H
5469,E,H
5470,G,H
5471,E,H
5472,E,H
5473,G,H
5474,E,H
5475,G,H
5476,E,H
5477,G,H
5478,E,H
5479,E,H
5480,E,H
5481,E,H
5482,E,H
5483,E,H
5484,E,H
5485,E,H
5486,E,H
5487,E,H
5488,E,H
5489,E,H
5490,E,H
5491,E,H
5492,E,H
5493,E,H
5494,E,H
5495,E,H
5496,E,H
5497,E,H
5498,E,H
5499,E,H
5500,E,H
5501,E,H
5502,E,H
5503,E,H
5504,E,H
5505,E,H
5506,G,H
5507,E,H
5508,E,H
5509,E,H
5510,E,H
5511,E,H
5512,E,H
5513,E,H
5514,E,H
5515,E,H
5516,E,H
5517,E,H
5518,E,H
5519,E,H
5520,E,H
5521,E,H
5522,E,H
5523,C,H
5524,E,H
5525,E,H
5526,E,H
5527,E,H
5528,E,H
5529,E,H
5530,E,H
5531,E,H
5532,E,H
5533,E,H
5534,E,H
5535,E,H
5536,E,H
5537,E,H
5538,E,H
5539,E,H
5540,E,H
5541,E,H
5542,E,H
5543,E,H
5544,E,H
5545,E,H
5546,E,H
5547,E,H
5548,E,H
5549,E,H
5550,E,H
5551,E,H
5552,E,H
5553,C,H
5554,E,H
5555,E,H
5556,B,H
5557,B,H
5558,B,H
5559,I,H
5560,E,H
5561,E,H
5562,C,H
5563,E,H
5564,C,H
5565,E,E
5566,E,H
5567,E,H
5568,E,E
5569,E,H
5570,I,H
5571,I,H
5572,I,H
5573,E,H
5574,C,H
5575,E,E
5576,E,H
5577,E,H
5578,E,H
5579,E,E
5580,E,E
5581,E,E
5582,E,E
5583,E,E
5584,E,H
5585,G,H
5586,C,H
5587,E,H
5588,E,H
5589,C,H
5590,E,H
5591,E,H
5592,E,H
5593,E,H
5594,E,H
5595,E,H
5596,I,H
5597,E,H
5598,E,H
5599,E,H
5600,E,H
